{
  "n": 40208,
  "n_val": 6031,
  "standalone_auc": {
    "map": 0.5677111961445076,
    "synergy": 0.5634796519217525,
    "counter": 0.5696620593346589,
    "empirical_blend": 0.5809818827836846,
    "net": 0.5667174535555111
  },
  "calibrated": {
    "net": {
      "logloss": 0.6860591769218445,
      "acc": 0.546509699883933,
      "auc": 0.5665054749321943,
      "ece": 0.0011017273718040592
    },
    "empirical": {
      "logloss": 0.6831179304509837,
      "acc": 0.5562924888078262,
      "auc": 0.5810286775459266,
      "ece": 0.0029252312397047716
    },
    "full": {
      "logloss": 0.6825667050781374,
      "acc": 0.560106118388327,
      "auc": 0.5831581416617673,
      "ece": 0.0065833189444771305
    }
  },
  "stack_coef": {
    "net": 0.10248534536870735,
    "empirical": 0.22453412778523346
  },
  "empirical_share": 0.6866078185898388
}