{
  "n": 40208,
  "global_coef": {
    "map": 0.15358503745424282,
    "synergy": 0.09438942302693924,
    "counter": 0.14117994820024024
  },
  "reweight_check": {
    "current  (map .40 / syn .15 / cnt .15)": 0.5826112069028653,
    "trim-syn (map .40 / syn .10 / cnt .20)": 0.582517534476619,
    "chosen   (map .32 / syn .15 / cnt .23)": 0.5851760063791964
  },
  "by_mode": {
    "Gem Grab": {
      "n": 6046,
      "coef": {
        "map": 0.14693833706229925,
        "synergy": 0.06998941048221485,
        "counter": 0.14745807881761186
      },
      "auc": {
        "fixed": 0.5779027412702732,
        "global_refit": 0.5827706052431743,
        "mode_refit": 0.5819212708097339
      }
    },
    "Brawl Ball": {
      "n": 6284,
      "coef": {
        "map": 0.12648482609516884,
        "synergy": 0.08198317953103117,
        "counter": 0.1618339758324636
      },
      "auc": {
        "fixed": 0.5798623055489038,
        "global_refit": 0.5856619045824678,
        "mode_refit": 0.5842596261725411
      }
    },
    "Knockout": {
      "n": 9846,
      "coef": {
        "map": 0.1121266250793291,
        "synergy": 0.06321100323130908,
        "counter": 0.11925106100622128
      },
      "auc": {
        "fixed": 0.5634443652125972,
        "global_refit": 0.5675800406723482,
        "mode_refit": 0.5669832845562274
      }
    },
    "Hot Zone": {
      "n": 5989,
      "coef": {
        "map": 0.18344403659309538,
        "synergy": 0.14121749510013196,
        "counter": 0.12293358294289354
      },
      "auc": {
        "fixed": 0.5927971661537446,
        "global_refit": 0.5958196551628754,
        "mode_refit": 0.5947634542782522
      }
    },
    "Heist": {
      "n": 5558,
      "coef": {
        "map": 0.2308449125690753,
        "synergy": 0.14470986657118362,
        "counter": 0.22286855951164752
      },
      "auc": {
        "fixed": 0.6277145953116083,
        "global_refit": 0.6340809007598087,
        "mode_refit": 0.633901360220371
      }
    },
    "Bounty": {
      "n": 6485,
      "coef": {
        "map": 0.12017056876190817,
        "synergy": 0.08126941375374103,
        "counter": 0.10874922766915521
      },
      "auc": {
        "fixed": 0.5668820829865652,
        "global_refit": 0.5713911782189989,
        "mode_refit": 0.5697469028652954
      }
    }
  }
}