{
  "n_total": 30231,
  "n_val": 4534,
  "const": {
    "logloss": 0.6931471824645996
  },
  "logreg": {
    "logloss": 0.6879282593727112,
    "acc": 0.541243934715483,
    "auc": 0.5573251475058125
  },
  "embedding": {
    "logloss": 0.684565007686615,
    "acc": 0.5485222761358624,
    "auc": 0.5762307782263267,
    "ece": 0.01177656786605867
  }
}